bookmaker_key,bookmaker,region
fanduel,FanDuel,us
fanduel,FanDuel,us
mybookieag,MyBookie.ag,us
mybookieag,MyBookie.ag,us
betrivers,BetRivers,us
betrivers,BetRivers,us
bovada,Bovada,us
bovada,Bovada,us
draftkings,DraftKings,us
draftkings,DraftKings,us
williamhill_us,Caesars,us
williamhill_us,Caesars,us
betmgm,BetMGM,us
betmgm,BetMGM,us
betus,BetUS,us
betus,BetUS,us
betonlineag,BetOnline.ag,us
betonlineag,BetOnline.ag,us
lowvig,LowVig.ag,us
lowvig,LowVig.ag,us
fanduel,FanDuel,us
fanduel,FanDuel,us
betrivers,BetRivers,us
betrivers,BetRivers,us
mybookieag,MyBookie.ag,us
mybookieag,MyBookie.ag,us
bovada,Bovada,us
bovada,Bovada,us
draftkings,DraftKings,us
draftkings,DraftKings,us
williamhill_us,Caesars,us
williamhill_us,Caesars,us
betmgm,BetMGM,us
betmgm,BetMGM,us
betus,BetUS,us
betus,BetUS,us
fanduel,FanDuel,us
fanduel,FanDuel,us
lowvig,LowVig.ag,us
lowvig,LowVig.ag,us
betonlineag,BetOnline.ag,us
betonlineag,BetOnline.ag,us
betus,BetUS,us
betus,BetUS,us
williamhill_us,Caesars,us
williamhill_us,Caesars,us
draftkings,DraftKings,us
draftkings,DraftKings,us
betrivers,BetRivers,us
betrivers,BetRivers,us
mybookieag,MyBookie.ag,us
mybookieag,MyBookie.ag,us
betmgm,BetMGM,us
betmgm,BetMGM,us
bovada,Bovada,us
bovada,Bovada,us
fanduel,FanDuel,us
fanduel,FanDuel,us
betrivers,BetRivers,us
betrivers,BetRivers,us
mybookieag,MyBookie.ag,us
mybookieag,MyBookie.ag,us
betmgm,BetMGM,us
betmgm,BetMGM,us
bovada,Bovada,us
bovada,Bovada,us
draftkings,DraftKings,us
draftkings,DraftKings,us
williamhill_us,Caesars,us
williamhill_us,Caesars,us
betonlineag,BetOnline.ag,us
betonlineag,BetOnline.ag,us
betus,BetUS,us
betus,BetUS,us
lowvig,LowVig.ag,us
lowvig,LowVig.ag,us
fanduel,FanDuel,us
fanduel,FanDuel,us
lowvig,LowVig.ag,us
lowvig,LowVig.ag,us
betonlineag,BetOnline.ag,us
betonlineag,BetOnline.ag,us
draftkings,DraftKings,us
draftkings,DraftKings,us
betrivers,BetRivers,us
betrivers,BetRivers,us
williamhill_us,Caesars,us
williamhill_us,Caesars,us
mybookieag,MyBookie.ag,us
mybookieag,MyBookie.ag,us
betmgm,BetMGM,us
betmgm,BetMGM,us
betus,BetUS,us
betus,BetUS,us
bovada,Bovada,us
bovada,Bovada,us
fanduel,FanDuel,us
fanduel,FanDuel,us
betonlineag,BetOnline.ag,us
betonlineag,BetOnline.ag,us
lowvig,LowVig.ag,us
lowvig,LowVig.ag,us
betus,BetUS,us
betus,BetUS,us
williamhill_us,Caesars,us
williamhill_us,Caesars,us
betrivers,BetRivers,us
betrivers,BetRivers,us
draftkings,DraftKings,us
draftkings,DraftKings,us
mybookieag,MyBookie.ag,us
mybookieag,MyBookie.ag,us
betmgm,BetMGM,us
betmgm,BetMGM,us
bovada,Bovada,us
bovada,Bovada,us
fanduel,FanDuel,us
fanduel,FanDuel,us
lowvig,LowVig.ag,us
lowvig,LowVig.ag,us
betonlineag,BetOnline.ag,us
betonlineag,BetOnline.ag,us
betus,BetUS,us
betus,BetUS,us
williamhill_us,Caesars,us
williamhill_us,Caesars,us
betrivers,BetRivers,us
betrivers,BetRivers,us
draftkings,DraftKings,us
draftkings,DraftKings,us
mybookieag,MyBookie.ag,us
mybookieag,MyBookie.ag,us
betmgm,BetMGM,us
betmgm,BetMGM,us
bovada,Bovada,us
bovada,Bovada,us
fanduel,FanDuel,us
fanduel,FanDuel,us
betonlineag,BetOnline.ag,us
betonlineag,BetOnline.ag,us
lowvig,LowVig.ag,us
lowvig,LowVig.ag,us
betrivers,BetRivers,us
betrivers,BetRivers,us
draftkings,DraftKings,us
draftkings,DraftKings,us
mybookieag,MyBookie.ag,us
mybookieag,MyBookie.ag,us
betmgm,BetMGM,us
betmgm,BetMGM,us
williamhill_us,Caesars,us
williamhill_us,Caesars,us
betus,BetUS,us
betus,BetUS,us
bovada,Bovada,us
bovada,Bovada,us
fanduel,FanDuel,us
fanduel,FanDuel,us
betrivers,BetRivers,us
betrivers,BetRivers,us
mybookieag,MyBookie.ag,us
mybookieag,MyBookie.ag,us
betmgm,BetMGM,us
betmgm,BetMGM,us
bovada,Bovada,us
bovada,Bovada,us
draftkings,DraftKings,us
draftkings,DraftKings,us
williamhill_us,Caesars,us
williamhill_us,Caesars,us
betus,BetUS,us
betus,BetUS,us
lowvig,LowVig.ag,us
lowvig,LowVig.ag,us
betonlineag,BetOnline.ag,us
betonlineag,BetOnline.ag,us
fanduel,FanDuel,us
fanduel,FanDuel,us
betrivers,BetRivers,us
betrivers,BetRivers,us
mybookieag,MyBookie.ag,us
mybookieag,MyBookie.ag,us
bovada,Bovada,us
bovada,Bovada,us
draftkings,DraftKings,us
draftkings,DraftKings,us
williamhill_us,Caesars,us
williamhill_us,Caesars,us
betmgm,BetMGM,us
betmgm,BetMGM,us
betus,BetUS,us
betus,BetUS,us
fanduel,FanDuel,us
fanduel,FanDuel,us
betonlineag,BetOnline.ag,us
betonlineag,BetOnline.ag,us
lowvig,LowVig.ag,us
lowvig,LowVig.ag,us
betrivers,BetRivers,us
betrivers,BetRivers,us
mybookieag,MyBookie.ag,us
mybookieag,MyBookie.ag,us
betmgm,BetMGM,us
betmgm,BetMGM,us
draftkings,DraftKings,us
draftkings,DraftKings,us
williamhill_us,Caesars,us
williamhill_us,Caesars,us
betus,BetUS,us
betus,BetUS,us
bovada,Bovada,us
bovada,Bovada,us
betonlineag,BetOnline.ag,us
betonlineag,BetOnline.ag,us
lowvig,LowVig.ag,us
lowvig,LowVig.ag,us
fanduel,FanDuel,us
fanduel,FanDuel,us
betus,BetUS,us
betus,BetUS,us
williamhill_us,Caesars,us
williamhill_us,Caesars,us
betrivers,BetRivers,us
betrivers,BetRivers,us
draftkings,DraftKings,us
draftkings,DraftKings,us
betmgm,BetMGM,us
betmgm,BetMGM,us
bovada,Bovada,us
bovada,Bovada,us
mybookieag,MyBookie.ag,us
mybookieag,MyBookie.ag,us
fanduel,FanDuel,us
fanduel,FanDuel,us
betonlineag,BetOnline.ag,us
betonlineag,BetOnline.ag,us
lowvig,LowVig.ag,us
lowvig,LowVig.ag,us
betrivers,BetRivers,us
betrivers,BetRivers,us
draftkings,DraftKings,us
draftkings,DraftKings,us
betmgm,BetMGM,us
betmgm,BetMGM,us
mybookieag,MyBookie.ag,us
mybookieag,MyBookie.ag,us
williamhill_us,Caesars,us
williamhill_us,Caesars,us
bovada,Bovada,us
bovada,Bovada,us
betus,BetUS,us
betus,BetUS,us
fanduel,FanDuel,us
fanduel,FanDuel,us
mybookieag,MyBookie.ag,us
mybookieag,MyBookie.ag,us
bovada,Bovada,us
bovada,Bovada,us
betrivers,BetRivers,us
betrivers,BetRivers,us
draftkings,DraftKings,us
draftkings,DraftKings,us
williamhill_us,Caesars,us
williamhill_us,Caesars,us
betmgm,BetMGM,us
betmgm,BetMGM,us
betus,BetUS,us
betus,BetUS,us
lowvig,LowVig.ag,us
lowvig,LowVig.ag,us
betonlineag,BetOnline.ag,us
betonlineag,BetOnline.ag,us
fanduel,FanDuel,us
fanduel,FanDuel,us
betonlineag,BetOnline.ag,us
betonlineag,BetOnline.ag,us
lowvig,LowVig.ag,us
lowvig,LowVig.ag,us
betus,BetUS,us
betus,BetUS,us
williamhill_us,Caesars,us
williamhill_us,Caesars,us
betrivers,BetRivers,us
betrivers,BetRivers,us
draftkings,DraftKings,us
draftkings,DraftKings,us
betmgm,BetMGM,us
betmgm,BetMGM,us
bovada,Bovada,us
bovada,Bovada,us
mybookieag,MyBookie.ag,us
mybookieag,MyBookie.ag,us
fanduel,FanDuel,us
fanduel,FanDuel,us
mybookieag,MyBookie.ag,us
mybookieag,MyBookie.ag,us
betrivers,BetRivers,us
betrivers,BetRivers,us
bovada,Bovada,us
bovada,Bovada,us
draftkings,DraftKings,us
draftkings,DraftKings,us
williamhill_us,Caesars,us
williamhill_us,Caesars,us
betmgm,BetMGM,us
betmgm,BetMGM,us
betus,BetUS,us
betus,BetUS,us
betonlineag,BetOnline.ag,us
betonlineag,BetOnline.ag,us
lowvig,LowVig.ag,us
lowvig,LowVig.ag,us
fanduel,FanDuel,us
fanduel,FanDuel,us
betrivers,BetRivers,us
betrivers,BetRivers,us
mybookieag,MyBookie.ag,us
mybookieag,MyBookie.ag,us
bovada,Bovada,us
bovada,Bovada,us
draftkings,DraftKings,us
draftkings,DraftKings,us
williamhill_us,Caesars,us
williamhill_us,Caesars,us
betmgm,BetMGM,us
betmgm,BetMGM,us
betus,BetUS,us
betus,BetUS,us
fanduel,FanDuel,us
fanduel,FanDuel,us
lowvig,LowVig.ag,us
lowvig,LowVig.ag,us
betonlineag,BetOnline.ag,us
betonlineag,BetOnline.ag,us
betus,BetUS,us
betus,BetUS,us
williamhill_us,Caesars,us
williamhill_us,Caesars,us
draftkings,DraftKings,us
draftkings,DraftKings,us
betrivers,BetRivers,us
betrivers,BetRivers,us
mybookieag,MyBookie.ag,us
mybookieag,MyBookie.ag,us
betmgm,BetMGM,us
betmgm,BetMGM,us
bovada,Bovada,us
bovada,Bovada,us
fanduel,FanDuel,us
fanduel,FanDuel,us
betrivers,BetRivers,us
betrivers,BetRivers,us
mybookieag,MyBookie.ag,us
mybookieag,MyBookie.ag,us
betmgm,BetMGM,us
betmgm,BetMGM,us
bovada,Bovada,us
bovada,Bovada,us
draftkings,DraftKings,us
draftkings,DraftKings,us
williamhill_us,Caesars,us
williamhill_us,Caesars,us
betonlineag,BetOnline.ag,us
betonlineag,BetOnline.ag,us
betus,BetUS,us
betus,BetUS,us
lowvig,LowVig.ag,us
lowvig,LowVig.ag,us
fanduel,FanDuel,us
fanduel,FanDuel,us
lowvig,LowVig.ag,us
lowvig,LowVig.ag,us
betonlineag,BetOnline.ag,us
betonlineag,BetOnline.ag,us
draftkings,DraftKings,us
draftkings,DraftKings,us
betrivers,BetRivers,us
betrivers,BetRivers,us
williamhill_us,Caesars,us
williamhill_us,Caesars,us
mybookieag,MyBookie.ag,us
mybookieag,MyBookie.ag,us
betmgm,BetMGM,us
betmgm,BetMGM,us
betus,BetUS,us
betus,BetUS,us
bovada,Bovada,us
bovada,Bovada,us
fanduel,FanDuel,us
fanduel,FanDuel,us
betonlineag,BetOnline.ag,us
betonlineag,BetOnline.ag,us
lowvig,LowVig.ag,us
lowvig,LowVig.ag,us
betus,BetUS,us
betus,BetUS,us
williamhill_us,Caesars,us
williamhill_us,Caesars,us
betrivers,BetRivers,us
betrivers,BetRivers,us
draftkings,DraftKings,us
draftkings,DraftKings,us
mybookieag,MyBookie.ag,us
mybookieag,MyBookie.ag,us
betmgm,BetMGM,us
betmgm,BetMGM,us
bovada,Bovada,us
bovada,Bovada,us
fanduel,FanDuel,us
fanduel,FanDuel,us
lowvig,LowVig.ag,us
lowvig,LowVig.ag,us
betonlineag,BetOnline.ag,us
betonlineag,BetOnline.ag,us
betus,BetUS,us
betus,BetUS,us
williamhill_us,Caesars,us
williamhill_us,Caesars,us
betrivers,BetRivers,us
betrivers,BetRivers,us
draftkings,DraftKings,us
draftkings,DraftKings,us
mybookieag,MyBookie.ag,us
mybookieag,MyBookie.ag,us
betmgm,BetMGM,us
betmgm,BetMGM,us
bovada,Bovada,us
bovada,Bovada,us
fanduel,FanDuel,us
fanduel,FanDuel,us
betonlineag,BetOnline.ag,us
betonlineag,BetOnline.ag,us
lowvig,LowVig.ag,us
lowvig,LowVig.ag,us
betrivers,BetRivers,us
betrivers,BetRivers,us
draftkings,DraftKings,us
draftkings,DraftKings,us
mybookieag,MyBookie.ag,us
mybookieag,MyBookie.ag,us
betmgm,BetMGM,us
betmgm,BetMGM,us
williamhill_us,Caesars,us
williamhill_us,Caesars,us
betus,BetUS,us
betus,BetUS,us
bovada,Bovada,us
bovada,Bovada,us
fanduel,FanDuel,us
fanduel,FanDuel,us
betrivers,BetRivers,us
betrivers,BetRivers,us
mybookieag,MyBookie.ag,us
mybookieag,MyBookie.ag,us
betmgm,BetMGM,us
betmgm,BetMGM,us
bovada,Bovada,us
bovada,Bovada,us
draftkings,DraftKings,us
draftkings,DraftKings,us
williamhill_us,Caesars,us
williamhill_us,Caesars,us
betus,BetUS,us
betus,BetUS,us
lowvig,LowVig.ag,us
lowvig,LowVig.ag,us
betonlineag,BetOnline.ag,us
betonlineag,BetOnline.ag,us
fanduel,FanDuel,us
fanduel,FanDuel,us
betrivers,BetRivers,us
betrivers,BetRivers,us
mybookieag,MyBookie.ag,us
mybookieag,MyBookie.ag,us
bovada,Bovada,us
bovada,Bovada,us
draftkings,DraftKings,us
draftkings,DraftKings,us
williamhill_us,Caesars,us
williamhill_us,Caesars,us
betmgm,BetMGM,us
betmgm,BetMGM,us
betus,BetUS,us
betus,BetUS,us
fanduel,FanDuel,us
fanduel,FanDuel,us
betonlineag,BetOnline.ag,us
betonlineag,BetOnline.ag,us
lowvig,LowVig.ag,us
lowvig,LowVig.ag,us
betrivers,BetRivers,us
betrivers,BetRivers,us
mybookieag,MyBookie.ag,us
mybookieag,MyBookie.ag,us
betmgm,BetMGM,us
betmgm,BetMGM,us
draftkings,DraftKings,us
draftkings,DraftKings,us
williamhill_us,Caesars,us
williamhill_us,Caesars,us
betus,BetUS,us
betus,BetUS,us
bovada,Bovada,us
bovada,Bovada,us
betonlineag,BetOnline.ag,us
betonlineag,BetOnline.ag,us
lowvig,LowVig.ag,us
lowvig,LowVig.ag,us
fanduel,FanDuel,us
fanduel,FanDuel,us
betus,BetUS,us
betus,BetUS,us
williamhill_us,Caesars,us
williamhill_us,Caesars,us
betrivers,BetRivers,us
betrivers,BetRivers,us
draftkings,DraftKings,us
draftkings,DraftKings,us
betmgm,BetMGM,us
betmgm,BetMGM,us
bovada,Bovada,us
bovada,Bovada,us
mybookieag,MyBookie.ag,us
mybookieag,MyBookie.ag,us
fanduel,FanDuel,us
fanduel,FanDuel,us
betonlineag,BetOnline.ag,us
betonlineag,BetOnline.ag,us
lowvig,LowVig.ag,us
lowvig,LowVig.ag,us
betrivers,BetRivers,us
betrivers,BetRivers,us
draftkings,DraftKings,us
draftkings,DraftKings,us
betmgm,BetMGM,us
betmgm,BetMGM,us
mybookieag,MyBookie.ag,us
mybookieag,MyBookie.ag,us
williamhill_us,Caesars,us
williamhill_us,Caesars,us
bovada,Bovada,us
bovada,Bovada,us
betus,BetUS,us
betus,BetUS,us
fanduel,FanDuel,us
fanduel,FanDuel,us
mybookieag,MyBookie.ag,us
mybookieag,MyBookie.ag,us
bovada,Bovada,us
bovada,Bovada,us
betrivers,BetRivers,us
betrivers,BetRivers,us
draftkings,DraftKings,us
draftkings,DraftKings,us
williamhill_us,Caesars,us
williamhill_us,Caesars,us
betmgm,BetMGM,us
betmgm,BetMGM,us
betus,BetUS,us
betus,BetUS,us
lowvig,LowVig.ag,us
lowvig,LowVig.ag,us
betonlineag,BetOnline.ag,us
betonlineag,BetOnline.ag,us
fanduel,FanDuel,us
fanduel,FanDuel,us
betonlineag,BetOnline.ag,us
betonlineag,BetOnline.ag,us
lowvig,LowVig.ag,us
lowvig,LowVig.ag,us
betus,BetUS,us
betus,BetUS,us
williamhill_us,Caesars,us
williamhill_us,Caesars,us
betrivers,BetRivers,us
betrivers,BetRivers,us
draftkings,DraftKings,us
draftkings,DraftKings,us
betmgm,BetMGM,us
betmgm,BetMGM,us
bovada,Bovada,us
bovada,Bovada,us
mybookieag,MyBookie.ag,us
mybookieag,MyBookie.ag,us
paddypower,Paddy Power,uk
paddypower,Paddy Power,uk
sport888,888sport,uk
sport888,888sport,uk
mrgreen,Mr Green,uk
mrgreen,Mr Green,uk
leovegas,LeoVegas,uk
leovegas,LeoVegas,uk
casumo,Casumo,uk
casumo,Casumo,uk
virginbet,Virgin Bet,uk
virginbet,Virgin Bet,uk
livescorebet,LiveScore Bet,uk
livescorebet,LiveScore Bet,uk
unibet_uk,Unibet,uk
unibet_uk,Unibet,uk
grosvenor,Grosvenor,uk
grosvenor,Grosvenor,uk
betway,Betway,uk
betway,Betway,uk
betfair_ex_uk,Betfair,uk
betfair_ex_uk,Betfair,uk
betfair_ex_uk,Betfair,uk
betfair_ex_uk,Betfair,uk
matchbook,Matchbook,uk
matchbook,Matchbook,uk
matchbook,Matchbook,uk
matchbook,Matchbook,uk
williamhill,William Hill,uk
williamhill,William Hill,uk
coral,Coral,uk
coral,Coral,uk
ladbrokes_uk,Ladbrokes,uk
ladbrokes_uk,Ladbrokes,uk
paddypower,Paddy Power,uk
paddypower,Paddy Power,uk
sport888,888sport,uk
sport888,888sport,uk
mrgreen,Mr Green,uk
mrgreen,Mr Green,uk
leovegas,LeoVegas,uk
leovegas,LeoVegas,uk
casumo,Casumo,uk
casumo,Casumo,uk
virginbet,Virgin Bet,uk
virginbet,Virgin Bet,uk
livescorebet,LiveScore Bet,uk
livescorebet,LiveScore Bet,uk
unibet_uk,Unibet,uk
unibet_uk,Unibet,uk
grosvenor,Grosvenor,uk
grosvenor,Grosvenor,uk
betway,Betway,uk
betway,Betway,uk
boylesports,BoyleSports,uk
boylesports,BoyleSports,uk
betfair_ex_uk,Betfair,uk
betfair_ex_uk,Betfair,uk
betfair_ex_uk,Betfair,uk
betfair_ex_uk,Betfair,uk
matchbook,Matchbook,uk
matchbook,Matchbook,uk
matchbook,Matchbook,uk
matchbook,Matchbook,uk
williamhill,William Hill,uk
williamhill,William Hill,uk
coral,Coral,uk
coral,Coral,uk
ladbrokes_uk,Ladbrokes,uk
ladbrokes_uk,Ladbrokes,uk
paddypower,Paddy Power,uk
paddypower,Paddy Power,uk
sport888,888sport,uk
sport888,888sport,uk
mrgreen,Mr Green,uk
mrgreen,Mr Green,uk
leovegas,LeoVegas,uk
leovegas,LeoVegas,uk
casumo,Casumo,uk
casumo,Casumo,uk
virginbet,Virgin Bet,uk
virginbet,Virgin Bet,uk
livescorebet,LiveScore Bet,uk
livescorebet,LiveScore Bet,uk
unibet_uk,Unibet,uk
unibet_uk,Unibet,uk
grosvenor,Grosvenor,uk
grosvenor,Grosvenor,uk
matchbook,Matchbook,uk
matchbook,Matchbook,uk
matchbook,Matchbook,uk
matchbook,Matchbook,uk
coral,Coral,uk
coral,Coral,uk
ladbrokes_uk,Ladbrokes,uk
ladbrokes_uk,Ladbrokes,uk
betway,Betway,uk
betway,Betway,uk
williamhill,William Hill,uk
williamhill,William Hill,uk
boylesports,BoyleSports,uk
boylesports,BoyleSports,uk
betfair_ex_uk,Betfair,uk
betfair_ex_uk,Betfair,uk
betfair_ex_uk,Betfair,uk
betfair_ex_uk,Betfair,uk
paddypower,Paddy Power,uk
paddypower,Paddy Power,uk
sport888,888sport,uk
sport888,888sport,uk
mrgreen,Mr Green,uk
mrgreen,Mr Green,uk
leovegas,LeoVegas,uk
leovegas,LeoVegas,uk
casumo,Casumo,uk
casumo,Casumo,uk
virginbet,Virgin Bet,uk
virginbet,Virgin Bet,uk
livescorebet,LiveScore Bet,uk
livescorebet,LiveScore Bet,uk
unibet_uk,Unibet,uk
unibet_uk,Unibet,uk
grosvenor,Grosvenor,uk
grosvenor,Grosvenor,uk
betway,Betway,uk
betway,Betway,uk
coral,Coral,uk
coral,Coral,uk
ladbrokes_uk,Ladbrokes,uk
ladbrokes_uk,Ladbrokes,uk
boylesports,BoyleSports,uk
boylesports,BoyleSports,uk
matchbook,Matchbook,uk
matchbook,Matchbook,uk
matchbook,Matchbook,uk
matchbook,Matchbook,uk
betfair_ex_uk,Betfair,uk
betfair_ex_uk,Betfair,uk
betfair_ex_uk,Betfair,uk
betfair_ex_uk,Betfair,uk
williamhill,William Hill,uk
williamhill,William Hill,uk
paddypower,Paddy Power,uk
paddypower,Paddy Power,uk
sport888,888sport,uk
sport888,888sport,uk
mrgreen,Mr Green,uk
mrgreen,Mr Green,uk
leovegas,LeoVegas,uk
leovegas,LeoVegas,uk
casumo,Casumo,uk
casumo,Casumo,uk
virginbet,Virgin Bet,uk
virginbet,Virgin Bet,uk
livescorebet,LiveScore Bet,uk
livescorebet,LiveScore Bet,uk
unibet_uk,Unibet,uk
unibet_uk,Unibet,uk
grosvenor,Grosvenor,uk
grosvenor,Grosvenor,uk
williamhill,William Hill,uk
williamhill,William Hill,uk
coral,Coral,uk
coral,Coral,uk
ladbrokes_uk,Ladbrokes,uk
ladbrokes_uk,Ladbrokes,uk
betway,Betway,uk
betway,Betway,uk
matchbook,Matchbook,uk
matchbook,Matchbook,uk
matchbook,Matchbook,uk
matchbook,Matchbook,uk
boylesports,BoyleSports,uk
boylesports,BoyleSports,uk
betfair_ex_uk,Betfair,uk
betfair_ex_uk,Betfair,uk
betfair_ex_uk,Betfair,uk
betfair_ex_uk,Betfair,uk
paddypower,Paddy Power,uk
paddypower,Paddy Power,uk
sport888,888sport,uk
sport888,888sport,uk
mrgreen,Mr Green,uk
mrgreen,Mr Green,uk
leovegas,LeoVegas,uk
leovegas,LeoVegas,uk
casumo,Casumo,uk
casumo,Casumo,uk
virginbet,Virgin Bet,uk
virginbet,Virgin Bet,uk
livescorebet,LiveScore Bet,uk
livescorebet,LiveScore Bet,uk
unibet_uk,Unibet,uk
unibet_uk,Unibet,uk
grosvenor,Grosvenor,uk
grosvenor,Grosvenor,uk
matchbook,Matchbook,uk
matchbook,Matchbook,uk
matchbook,Matchbook,uk
matchbook,Matchbook,uk
coral,Coral,uk
coral,Coral,uk
ladbrokes_uk,Ladbrokes,uk
ladbrokes_uk,Ladbrokes,uk
betway,Betway,uk
betway,Betway,uk
boylesports,BoyleSports,uk
boylesports,BoyleSports,uk
betfair_ex_uk,Betfair,uk
betfair_ex_uk,Betfair,uk
betfair_ex_uk,Betfair,uk
betfair_ex_uk,Betfair,uk
williamhill,William Hill,uk
williamhill,William Hill,uk
paddypower,Paddy Power,uk
paddypower,Paddy Power,uk
sport888,888sport,uk
sport888,888sport,uk
mrgreen,Mr Green,uk
mrgreen,Mr Green,uk
leovegas,LeoVegas,uk
leovegas,LeoVegas,uk
casumo,Casumo,uk
casumo,Casumo,uk
virginbet,Virgin Bet,uk
virginbet,Virgin Bet,uk
livescorebet,LiveScore Bet,uk
livescorebet,LiveScore Bet,uk
unibet_uk,Unibet,uk
unibet_uk,Unibet,uk
grosvenor,Grosvenor,uk
grosvenor,Grosvenor,uk
matchbook,Matchbook,uk
matchbook,Matchbook,uk
matchbook,Matchbook,uk
matchbook,Matchbook,uk
coral,Coral,uk
coral,Coral,uk
ladbrokes_uk,Ladbrokes,uk
ladbrokes_uk,Ladbrokes,uk
betway,Betway,uk
betway,Betway,uk
boylesports,BoyleSports,uk
boylesports,BoyleSports,uk
betfair_ex_uk,Betfair,uk
betfair_ex_uk,Betfair,uk
betfair_ex_uk,Betfair,uk
betfair_ex_uk,Betfair,uk
williamhill,William Hill,uk
williamhill,William Hill,uk
paddypower,Paddy Power,uk
paddypower,Paddy Power,uk
sport888,888sport,uk
sport888,888sport,uk
mrgreen,Mr Green,uk
mrgreen,Mr Green,uk
leovegas,LeoVegas,uk
leovegas,LeoVegas,uk
casumo,Casumo,uk
casumo,Casumo,uk
virginbet,Virgin Bet,uk
virginbet,Virgin Bet,uk
livescorebet,LiveScore Bet,uk
livescorebet,LiveScore Bet,uk
unibet_uk,Unibet,uk
unibet_uk,Unibet,uk
grosvenor,Grosvenor,uk
grosvenor,Grosvenor,uk
betway,Betway,uk
betway,Betway,uk
ladbrokes_uk,Ladbrokes,uk
ladbrokes_uk,Ladbrokes,uk
coral,Coral,uk
coral,Coral,uk
williamhill,William Hill,uk
williamhill,William Hill,uk
boylesports,BoyleSports,uk
boylesports,BoyleSports,uk
betfair_ex_uk,Betfair,uk
betfair_ex_uk,Betfair,uk
betfair_ex_uk,Betfair,uk
betfair_ex_uk,Betfair,uk
matchbook,Matchbook,uk
matchbook,Matchbook,uk
matchbook,Matchbook,uk
matchbook,Matchbook,uk
paddypower,Paddy Power,uk
paddypower,Paddy Power,uk
sport888,888sport,uk
sport888,888sport,uk
leovegas,LeoVegas,uk
leovegas,LeoVegas,uk
casumo,Casumo,uk
casumo,Casumo,uk
mrgreen,Mr Green,uk
mrgreen,Mr Green,uk
virginbet,Virgin Bet,uk
virginbet,Virgin Bet,uk
livescorebet,LiveScore Bet,uk
livescorebet,LiveScore Bet,uk
unibet_uk,Unibet,uk
unibet_uk,Unibet,uk
grosvenor,Grosvenor,uk
grosvenor,Grosvenor,uk
betway,Betway,uk
betway,Betway,uk
ladbrokes_uk,Ladbrokes,uk
ladbrokes_uk,Ladbrokes,uk
coral,Coral,uk
coral,Coral,uk
betfair_ex_uk,Betfair,uk
betfair_ex_uk,Betfair,uk
betfair_ex_uk,Betfair,uk
betfair_ex_uk,Betfair,uk
boylesports,BoyleSports,uk
boylesports,BoyleSports,uk
williamhill,William Hill,uk
williamhill,William Hill,uk
matchbook,Matchbook,uk
matchbook,Matchbook,uk
matchbook,Matchbook,uk
matchbook,Matchbook,uk
paddypower,Paddy Power,uk
paddypower,Paddy Power,uk
sport888,888sport,uk
sport888,888sport,uk
mrgreen,Mr Green,uk
mrgreen,Mr Green,uk
leovegas,LeoVegas,uk
leovegas,LeoVegas,uk
casumo,Casumo,uk
casumo,Casumo,uk
virginbet,Virgin Bet,uk
virginbet,Virgin Bet,uk
livescorebet,LiveScore Bet,uk
livescorebet,LiveScore Bet,uk
unibet_uk,Unibet,uk
unibet_uk,Unibet,uk
grosvenor,Grosvenor,uk
grosvenor,Grosvenor,uk
betway,Betway,uk
betway,Betway,uk
betfair_ex_uk,Betfair,uk
betfair_ex_uk,Betfair,uk
betfair_ex_uk,Betfair,uk
betfair_ex_uk,Betfair,uk
boylesports,BoyleSports,uk
boylesports,BoyleSports,uk
williamhill,William Hill,uk
williamhill,William Hill,uk
matchbook,Matchbook,uk
matchbook,Matchbook,uk
matchbook,Matchbook,uk
matchbook,Matchbook,uk
ladbrokes_uk,Ladbrokes,uk
ladbrokes_uk,Ladbrokes,uk
coral,Coral,uk
coral,Coral,uk
paddypower,Paddy Power,uk
paddypower,Paddy Power,uk
sport888,888sport,uk
sport888,888sport,uk
mrgreen,Mr Green,uk
mrgreen,Mr Green,uk
leovegas,LeoVegas,uk
leovegas,LeoVegas,uk
casumo,Casumo,uk
casumo,Casumo,uk
virginbet,Virgin Bet,uk
virginbet,Virgin Bet,uk
livescorebet,LiveScore Bet,uk
livescorebet,LiveScore Bet,uk
unibet_uk,Unibet,uk
unibet_uk,Unibet,uk
grosvenor,Grosvenor,uk
grosvenor,Grosvenor,uk
betway,Betway,uk
betway,Betway,uk
ladbrokes_uk,Ladbrokes,uk
ladbrokes_uk,Ladbrokes,uk
coral,Coral,uk
coral,Coral,uk
williamhill,William Hill,uk
williamhill,William Hill,uk
betfair_ex_uk,Betfair,uk
betfair_ex_uk,Betfair,uk
betfair_ex_uk,Betfair,uk
betfair_ex_uk,Betfair,uk
boylesports,BoyleSports,uk
boylesports,BoyleSports,uk
matchbook,Matchbook,uk
matchbook,Matchbook,uk
matchbook,Matchbook,uk
matchbook,Matchbook,uk
paddypower,Paddy Power,uk
paddypower,Paddy Power,uk
sport888,888sport,uk
sport888,888sport,uk
mrgreen,Mr Green,uk
mrgreen,Mr Green,uk
leovegas,LeoVegas,uk
leovegas,LeoVegas,uk
casumo,Casumo,uk
casumo,Casumo,uk
virginbet,Virgin Bet,uk
virginbet,Virgin Bet,uk
livescorebet,LiveScore Bet,uk
livescorebet,LiveScore Bet,uk
unibet_uk,Unibet,uk
unibet_uk,Unibet,uk
grosvenor,Grosvenor,uk
grosvenor,Grosvenor,uk
coral,Coral,uk
coral,Coral,uk
ladbrokes_uk,Ladbrokes,uk
ladbrokes_uk,Ladbrokes,uk
betway,Betway,uk
betway,Betway,uk
matchbook,Matchbook,uk
matchbook,Matchbook,uk
matchbook,Matchbook,uk
matchbook,Matchbook,uk
betfair_ex_uk,Betfair,uk
betfair_ex_uk,Betfair,uk
betfair_ex_uk,Betfair,uk
betfair_ex_uk,Betfair,uk
boylesports,BoyleSports,uk
boylesports,BoyleSports,uk
williamhill,William Hill,uk
williamhill,William Hill,uk
paddypower,Paddy Power,uk
paddypower,Paddy Power,uk
sport888,888sport,uk
sport888,888sport,uk
mrgreen,Mr Green,uk
mrgreen,Mr Green,uk
leovegas,LeoVegas,uk
leovegas,LeoVegas,uk
casumo,Casumo,uk
casumo,Casumo,uk
virginbet,Virgin Bet,uk
virginbet,Virgin Bet,uk
livescorebet,LiveScore Bet,uk
livescorebet,LiveScore Bet,uk
unibet_uk,Unibet,uk
unibet_uk,Unibet,uk
grosvenor,Grosvenor,uk
grosvenor,Grosvenor,uk
betway,Betway,uk
betway,Betway,uk
ladbrokes_uk,Ladbrokes,uk
ladbrokes_uk,Ladbrokes,uk
coral,Coral,uk
coral,Coral,uk
williamhill,William Hill,uk
williamhill,William Hill,uk
betfair_ex_uk,Betfair,uk
betfair_ex_uk,Betfair,uk
betfair_ex_uk,Betfair,uk
betfair_ex_uk,Betfair,uk
boylesports,BoyleSports,uk
boylesports,BoyleSports,uk
matchbook,Matchbook,uk
matchbook,Matchbook,uk
matchbook,Matchbook,uk
matchbook,Matchbook,uk
paddypower,Paddy Power,uk
paddypower,Paddy Power,uk
sport888,888sport,uk
sport888,888sport,uk
betway,Betway,uk
betway,Betway,uk
betfair_ex_uk,Betfair,uk
betfair_ex_uk,Betfair,uk
betfair_ex_uk,Betfair,uk
betfair_ex_uk,Betfair,uk
mrgreen,Mr Green,uk
mrgreen,Mr Green,uk
leovegas,LeoVegas,uk
leovegas,LeoVegas,uk
casumo,Casumo,uk
casumo,Casumo,uk
unibet_uk,Unibet,uk
unibet_uk,Unibet,uk
virginbet,Virgin Bet,uk
virginbet,Virgin Bet,uk
livescorebet,LiveScore Bet,uk
livescorebet,LiveScore Bet,uk
grosvenor,Grosvenor,uk
grosvenor,Grosvenor,uk
williamhill,William Hill,uk
williamhill,William Hill,uk
matchbook,Matchbook,uk
matchbook,Matchbook,uk
matchbook,Matchbook,uk
matchbook,Matchbook,uk
boylesports,BoyleSports,uk
boylesports,BoyleSports,uk
coral,Coral,uk
coral,Coral,uk
ladbrokes_uk,Ladbrokes,uk
ladbrokes_uk,Ladbrokes,uk
paddypower,Paddy Power,uk
paddypower,Paddy Power,uk
sport888,888sport,uk
sport888,888sport,uk
mrgreen,Mr Green,uk
mrgreen,Mr Green,uk
leovegas,LeoVegas,uk
leovegas,LeoVegas,uk
casumo,Casumo,uk
casumo,Casumo,uk
virginbet,Virgin Bet,uk
virginbet,Virgin Bet,uk
livescorebet,LiveScore Bet,uk
livescorebet,LiveScore Bet,uk
unibet_uk,Unibet,uk
unibet_uk,Unibet,uk
grosvenor,Grosvenor,uk
grosvenor,Grosvenor,uk
coral,Coral,uk
coral,Coral,uk
ladbrokes_uk,Ladbrokes,uk
ladbrokes_uk,Ladbrokes,uk
betway,Betway,uk
betway,Betway,uk
matchbook,Matchbook,uk
matchbook,Matchbook,uk
matchbook,Matchbook,uk
matchbook,Matchbook,uk
betfair_ex_uk,Betfair,uk
betfair_ex_uk,Betfair,uk
betfair_ex_uk,Betfair,uk
betfair_ex_uk,Betfair,uk
williamhill,William Hill,uk
williamhill,William Hill,uk
boylesports,BoyleSports,uk
boylesports,BoyleSports,uk
sport888,888sport,uk
sport888,888sport,uk
mrgreen,Mr Green,uk
mrgreen,Mr Green,uk
matchbook,Matchbook,uk
matchbook,Matchbook,uk
coral,Coral,uk
coral,Coral,uk
ladbrokes_uk,Ladbrokes,uk
ladbrokes_uk,Ladbrokes,uk
sport888,888sport,uk
sport888,888sport,uk
mrgreen,Mr Green,uk
mrgreen,Mr Green,uk
matchbook,Matchbook,uk
matchbook,Matchbook,uk
coral,Coral,uk
coral,Coral,uk
ladbrokes_uk,Ladbrokes,uk
ladbrokes_uk,Ladbrokes,uk
sport888,888sport,uk
sport888,888sport,uk
mrgreen,Mr Green,uk
mrgreen,Mr Green,uk
matchbook,Matchbook,uk
matchbook,Matchbook,uk
coral,Coral,uk
coral,Coral,uk
ladbrokes_uk,Ladbrokes,uk
ladbrokes_uk,Ladbrokes,uk
sport888,888sport,uk
sport888,888sport,uk
mrgreen,Mr Green,uk
mrgreen,Mr Green,uk
coral,Coral,uk
coral,Coral,uk
ladbrokes_uk,Ladbrokes,uk
ladbrokes_uk,Ladbrokes,uk
matchbook,Matchbook,uk
matchbook,Matchbook,uk
sport888,888sport,uk
sport888,888sport,uk
mrgreen,Mr Green,uk
mrgreen,Mr Green,uk
coral,Coral,uk
coral,Coral,uk
ladbrokes_uk,Ladbrokes,uk
ladbrokes_uk,Ladbrokes,uk
matchbook,Matchbook,uk
matchbook,Matchbook,uk
sport888,888sport,uk
sport888,888sport,uk
mrgreen,Mr Green,uk
mrgreen,Mr Green,uk
matchbook,Matchbook,uk
matchbook,Matchbook,uk
coral,Coral,uk
coral,Coral,uk
ladbrokes_uk,Ladbrokes,uk
ladbrokes_uk,Ladbrokes,uk
sport888,888sport,uk
sport888,888sport,uk
mrgreen,Mr Green,uk
mrgreen,Mr Green,uk
matchbook,Matchbook,uk
matchbook,Matchbook,uk
coral,Coral,uk
coral,Coral,uk
ladbrokes_uk,Ladbrokes,uk
ladbrokes_uk,Ladbrokes,uk
sport888,888sport,uk
sport888,888sport,uk
mrgreen,Mr Green,uk
mrgreen,Mr Green,uk
ladbrokes_uk,Ladbrokes,uk
ladbrokes_uk,Ladbrokes,uk
coral,Coral,uk
coral,Coral,uk
matchbook,Matchbook,uk
matchbook,Matchbook,uk
sport888,888sport,uk
sport888,888sport,uk
mrgreen,Mr Green,uk
mrgreen,Mr Green,uk
ladbrokes_uk,Ladbrokes,uk
ladbrokes_uk,Ladbrokes,uk
coral,Coral,uk
coral,Coral,uk
matchbook,Matchbook,uk
matchbook,Matchbook,uk
sport888,888sport,uk
sport888,888sport,uk
mrgreen,Mr Green,uk
mrgreen,Mr Green,uk
matchbook,Matchbook,uk
matchbook,Matchbook,uk
ladbrokes_uk,Ladbrokes,uk
ladbrokes_uk,Ladbrokes,uk
coral,Coral,uk
coral,Coral,uk
sport888,888sport,uk
sport888,888sport,uk
mrgreen,Mr Green,uk
mrgreen,Mr Green,uk
ladbrokes_uk,Ladbrokes,uk
ladbrokes_uk,Ladbrokes,uk
coral,Coral,uk
coral,Coral,uk
matchbook,Matchbook,uk
matchbook,Matchbook,uk
sport888,888sport,uk
sport888,888sport,uk
mrgreen,Mr Green,uk
mrgreen,Mr Green,uk
coral,Coral,uk
coral,Coral,uk
ladbrokes_uk,Ladbrokes,uk
ladbrokes_uk,Ladbrokes,uk
matchbook,Matchbook,uk
matchbook,Matchbook,uk
sport888,888sport,uk
sport888,888sport,uk
mrgreen,Mr Green,uk
mrgreen,Mr Green,uk
ladbrokes_uk,Ladbrokes,uk
ladbrokes_uk,Ladbrokes,uk
coral,Coral,uk
coral,Coral,uk
matchbook,Matchbook,uk
matchbook,Matchbook,uk
sport888,888sport,uk
sport888,888sport,uk
mrgreen,Mr Green,uk
mrgreen,Mr Green,uk
matchbook,Matchbook,uk
matchbook,Matchbook,uk
coral,Coral,uk
coral,Coral,uk
ladbrokes_uk,Ladbrokes,uk
ladbrokes_uk,Ladbrokes,uk
sport888,888sport,uk
sport888,888sport,uk
mrgreen,Mr Green,uk
mrgreen,Mr Green,uk
coral,Coral,uk
coral,Coral,uk
ladbrokes_uk,Ladbrokes,uk
ladbrokes_uk,Ladbrokes,uk
matchbook,Matchbook,uk
matchbook,Matchbook,uk
